[{"pk": 1, "model": "aide.aide", "fields": {"nom": "QR Code ?", "slug": "qr-code", "contenu": "<h2>Qu&rsquo;est-ce qu&rsquo;un QR Code ?</h2>\r\n<p>Un QR Code est un code barre en deux dimensions.</p>\r\n<p>En scannant les QR Codes affich&eacute;s sur les pages du site internet du Val d'Yerres, vous pourrez&nbsp;selon le contexte :</p>\r\n<ul>\r\n<li>Ajouter un ev&egrave;nement &agrave; votre agenda.</li>\r\n<li>Ajouter un contact &agrave; votre carnet d'adresse.</li>\r\n</ul>\r\n<h2>Comment lire un QR Code ?</h2>\r\n<ol>\r\n<li>T&eacute;l&eacute;charger l&rsquo;application gratuite sur votre smatphone.</li>\r\n<li>Lancer l&rsquo;application.</li>\r\n<li>Viser le QR Code.</li>\r\n</ol>\r\n<p>Une fois interpr&eacute;t&eacute;, votre mobile vous indique le contenu.</p>\r\n<h2>Comment t&eacute;l&eacute;charger l&rsquo;application gratuite ?</h2>\r\n<p>Si vous avez un smartphone, consultez les applications gratuites du mobile store de votre marque.</p>\r\n<p>Nous vous d&eacute;conseillons fortement les applications o&ugrave; se trouve la mention \"Flashcode\" , en effet le format utilis&eacute; par les Flashcode diff&egrave;re du QR Code. Le flashcode est un format payant, ferm&eacute; et uniquement d&eacute;ploy&eacute; en France.</p>\r\n<p>Le site du Val d'Yerres n'utilise que des formats ouverts et donc que du QR Code.</p>\r\n<ul>\r\n<li>Pour <strong>Android</strong> : nous vous conseillons l'application <a href=\"https://play.google.com/store/apps/details?id=com.google.zxing.client.android\">Barcode Scanner</a> , tous les codes g&eacute;n&eacute;r&eacute;s par le site ont &eacute;t&eacute; test&eacute;s avec cette application.</li>\r\n<li>Pour <strong>Iphone</strong> : nous vous conseillons <a href=\"http://itunes.apple.com/fr/app/i-nigma-qr-code-data-matrix/id388923203?mt=8\">i-nigma</a>.</li>\r\n<li>Pour <strong>Blackberry</strong> : nous vous conseillons <a href=\"http://appworld.blackberry.com/webstore/content/27049/?lang=fr\">i-nigma</a> en lieu et place des outils disponibles nativement sur ce type d'appareil.</li>\r\n</ul>"}}, {"pk": 2, "model": "aide.aide", "fields": {"nom": "Vcard ?", "slug": "vcard", "contenu": "<h2>Qu&rsquo;est-ce qu&rsquo;une Vcard ?</h2>\r\n<p><br />Vcard pour &laquo; Visit Card &raquo; est un format de fichier interop&eacute;rable qui permet d'inclure des contacts de mani&egrave;re automatique dans votre logiciel de messagerie.</p>\r\n<p><br />Comment inclure une Vcard dans vos contacts :</p>\r\n<ul>\r\n<li><strong>Outlook</strong> : voir la documentation de Microsoft &agrave; la rubrique \"Comment faire pour traiter automatiquement une vCard\" &agrave; cette adresse : <a href=\"http://support.microsoft.com/kb/290840/fr\">http://support.microsoft.com/kb/290840/fr</a>.</li>\r\n<li><strong>Gmail</strong> : la proc&eacute;dure se rouve &agrave; cette adresse : <a href=\"http://support.google.com/mail/bin/answer.py?hl=fr&amp;answer=183711\">http://support.google.com/mail/bin/answer.py?hl=fr&amp;answer=183711</a>.</li>\r\n<li><strong>Thunderbird :</strong>&nbsp; allez dans le menu &laquo;Outils&raquo; puis &laquo;Carnet d'adresses&raquo; une nouvelle fen&ecirc;tre s'ouvre. Dans la fen&ecirc;tre &laquo;Carnet d'adresses&raquo; allez dans le menu &laquo;Outils&raquo; puis &laquo;Import&raquo;. Dans la boite de dialogue qui vient de s'ouvrir il faut selectionner&nbsp;&laquo;Carnet d'adresses&raquo;, cliquez sur suivant et selectionnez le/les fichier(s) &agrave; importer.</li>\r\n</ul>"}}, {"pk": 3, "model": "aide.aide", "fields": {"nom": "Ical ?", "slug": "ical", "contenu": "<h2>Qu&rsquo;est-ce que Ical ?</h2>\r\n<p>Ical ou Icalendar est un format de fichier permettant de s'echanger des donn&eacute;es de calendrier.</p>\r\n<p>Sur le site du Val d'Yerres vous avez la possibilit&eacute; d'ajouter automatiquement &agrave; votre agenda tout les &eacute;v&egrave;nements organis&eacute;s par le Val d'Yerres, ou ses partenaires, en t&eacute;l&eacute;chargeant le fichier Ical correspondant ou en scannant le QR Code avec votre smartphone.</p>\r\n<h2>Comment importer des fichier Ical dans votre logiciel de Calendrier ?</h2>\r\n<p>Les fichiers Ical produits par le site du Val d'Yerres sont compatibles avec quasiment tous les logiciels de messagerie.</p>\r\n<ul>\r\n<li><strong>Gmail</strong> : voir la documentation fournie par Google : <a href=\"http://support.google.com/calendar/bin/answer.py?hl=fr&amp;answer=37118\">http://support.google.com/calendar/bin/answer.py?hl=fr&amp;answer=37118</a> .</li>\r\n<li><strong>Outlook</strong> : T&eacute;l&eacute;chargez le fichier propos&eacute; par la page de l'&eacute;v&egrave;nement, click droit sur le fichier puis &laquo;ouvrir avec&raquo; selectionnez Outlook.&nbsp; Note : Selon les versions d'Outlook Ical est plus ou moins bien support&eacute; , utilisez de pr&eacute;f&eacute;rence les versions d'Outlook 2007 et suivantes.</li>\r\n<li><strong>Thunderbird : </strong>T&eacute;l&eacute;chargez le fichier propos&eacute; par la page de l'&eacute;v&egrave;nement, click droit sur le fichier puis&nbsp;&laquo;ouvrir avec&raquo; s&eacute;lectionnez Thunderbird.</li>\r\n</ul>"}}, {"pk": 1, "model": "equipements.equipementfonction", "fields": {"nom": "Salle de Spectacle", "pluriel": "Salles de Spectacle", "slug": "salle-de-spectacle", "picto": "uploads/picto/equipements/spectacle.png"}}, {"pk": 2, "model": "equipements.equipementfonction", "fields": {"nom": "Antenne Val d'Yerres Emploi", "pluriel": "Antennes Val d'Yerres Emploi", "slug": "antenne-val-dyerres-emploi", "picto": "uploads/picto/equipements/spectacle.png"}}, {"pk": 5, "model": "equipements.equipement", "fields": {"meta_description": "", "fax": "", "image": "uploads/equipements/salle_spectacle.jpg", "telephone": "01 69 00 13 15", "presentation": "<p>Am&eacute;nag&eacute;e tout r&eacute;cemment (2011) dans le corps d&rsquo;une ancienne ferme seigneuriale construite au XVe si&egrave;cle autour d&rsquo;une magnifique cour pav&eacute;e, la salle G&eacute;rard Philipe est modulable et peut comporter jusqu&rsquo;&agrave; 140 places assises. Les mat&eacute;riaux utilis&eacute;s offrent une excellente acoustique. La salle est un &eacute;crin id&eacute;al pour la tenue de spectacles intimistes, po&eacute;tiques et oniriques, et restitue &agrave; la perfection le talent des interpr&egrave;tes. A noter qu&rsquo;un espace de restauration a &eacute;t&eacute; cr&eacute;&eacute; au rez-de-chauss&eacute;e pour palier les petites faims d&rsquo;avant ou d&rsquo;apr&egrave;s spectacle&hellip;</p>", "email": "", "fonction": 1}}, {"pk": 6, "model": "equipements.equipement", "fields": {"meta_description": "", "fax": "", "image": "uploads/equipements/spectacle.jpg", "telephone": "01 69 02 34 35", "presentation": "<p>Inaugur&eacute; en mai 2012, le Nouveau CEC de Yerres est le dernier n&eacute; des salles de spectacles du Val d&rsquo;Yerres, en attendant la future Maison des Arts Urbains d&rsquo;Epinay-sous-S&eacute;nart pr&eacute;vue pour 2014.<br />Ce fabuleux vaisseau propose une salle de spectacles de grande capacit&eacute; (1.000 places assises) permettant d&rsquo;accueillir des t&ecirc;tes d&rsquo;affiche renomm&eacute;es, des concerts, des spectacles de danse, des pi&egrave;ces de th&eacute;&acirc;tre&hellip; Esth&eacute;tiquement, ce nouvel espace (qui comprend aussi une m&eacute;diath&egrave;que, un cin&eacute;ma, une brasserie, des salles de conf&eacute;rences&hellip;) est particuli&egrave;rement r&eacute;ussi. Espaces paysag&eacute;s, murs v&eacute;g&eacute;talis&eacute;s, apport de lumi&egrave;re naturelle, am&eacute;liorent encore la convivialit&eacute; de l&rsquo;endroit&hellip;</p>", "email": "", "fonction": 1}}, {"pk": 8, "model": "equipements.equipement", "fields": {"meta_description": "", "fax": "", "image": "uploads/equipements/theatre.jpg", "telephone": "01 69 12 24 50", "presentation": "<p>Le Th&eacute;&acirc;tre de la Vall&eacute;e de l&rsquo;Yerres, commun&eacute;ment appel&eacute; Th&eacute;&acirc;tre de Brunoy, est situ&eacute; au c&oelig;ur du centre-ville, &agrave; deux pas de la mairie et de la biblioth&egrave;que. En fonction depuis 2007, il est &eacute;tudi&eacute; pour accueillir dans les meilleures conditions pi&egrave;ces de th&eacute;&acirc;tre et concerts. Ses 500 places assises sont tr&egrave;s confortables et la sc&egrave;ne, haute et profonde, permet l&rsquo;installation de d&eacute;cors imposants mais aussi d&rsquo;am&eacute;nagements sp&eacute;cifiques pour la tenue de spectacles de cirques par exemple. Un parking souterrain de 150 places permet un stationnement ais&eacute; les soirs de spectacles.</p>", "email": "", "fonction": 1}}, {"pk": 9, "model": "equipements.equipement", "fields": {"meta_description": "", "fax": "", "image": "uploads/equipements/salle_rene_fallet.jpg", "telephone": "01 01 01 01  01", "presentation": "<p>Dans le r&eacute;seau des salles de spectacles du Val d&rsquo;Yerres, l&rsquo;Espace Ren&eacute; Fallet de Crosne est un &eacute;quipement pour ainsi dire magique... Par sa structure ext&eacute;rieure originale tout d&rsquo;abord, par sa polyvalence ensuite. Ses tribunes t&eacute;lescopiques permettent d&rsquo;accueillir dans de tr&egrave;s bonnes conditions jusqu&rsquo;&agrave; 400 spectateurs assis.</p>\r\n<p>L&rsquo;espace sc&eacute;nique, modulable lui aussi, est adapt&eacute; &agrave; la tenue de spectacles de tous types. Ce qui permet &agrave; l&rsquo;Espace Ren&eacute; Fallet de d&eacute;velopper une ligne artistique riche et &eacute;clectique, destin&eacute;e &agrave; un large public : des concerts de vari&eacute;t&eacute; aux sessions de jazz, en passant par des spectacles comiques, des contes pour enfant et m&ecirc;me, des s&eacute;ances de cin&eacute;ma&hellip;</p>", "email": "", "fonction": 1}}, {"pk": 12, "model": "equipements.equipement", "fields": {"meta_description": "", "fax": "", "image": "", "telephone": "01 69 39 10 40", "presentation": "<p class=\"subtitle\" style=\"text-align: left;\">Antenne Val d&rsquo;Yerres Emploi de Brunoy</p>\r\n<p style=\"text-align: left;\">15/17 avenue de la R&eacute;publique</p>\r\n<p style=\"text-align: left;\">91800 Brunoy</p>\r\n<p>&nbsp;</p>", "email": "", "fonction": 2}}, {"pk": 2, "model": "equipements.facilite", "fields": {"importance": 100, "nom": "Accessibilit\u00e9 handicap\u00e9", "description": "Le b\u00e2timent \u00e0 \u00e9t\u00e9 con\u00e7u pour faciliter l'acc\u00e8s aux handicap\u00e9s", "picto": "uploads/picto/wheelchair_symbol.png", "slug": "accessibilite-handicape"}}, {"pk": 3, "model": "equipements.facilite", "fields": {"importance": 98, "nom": "Toilettes handicap\u00e9", "description": "Les toilettes sont pr\u00e9vu pour recevoir des handicap\u00e9s.", "picto": "uploads/picto/toilettes-handicape.png", "slug": "toilette-handicape"}}, {"pk": 1, "model": "equipements.facilites", "fields": {"facilites": [2, 3], "equipement": 6}}, {"pk": 1, "model": "evenements.organisateur", "fields": {"meta_description": "0", "nom": "Service Culture et Service Biblioth\u00e8ques du Val d'Yerres", "fax": "", "description": "", "ville": 4, "url": "", "telephone": "01 80 37 20 62", "email": "", "logo": "", "rue": "78 route nationale 6 | BP 103", "slug": "le-val-d-yerres"}}, {"pk": 2, "model": "evenements.organisateur", "fields": {"meta_description": "La SOTHEVY g\u00e8re la programmation communautaire du Val d\u2019Yerres et \u00e9galement le CEC de Yerres.", "nom": "Th\u00e9\u00e2tres du Val d'Yerres (SOTHEVY)", "fax": "", "description": "<p>Filiale directe du Group Soum&egrave;re sp&eacute;cialis&eacute;e dans la gestion de salle de spectacles (qui g&egrave;re notamment l&rsquo;Op&eacute;ra de Massy et le Th&eacute;&acirc;tre de Longjumeau), elle g&egrave;re, dans le cadre d&rsquo;une D&eacute;l&eacute;gation de Service Public, <a href=\"/agenda/type/tous/periode/toutes/orga/sothevy/\">la programmation communautaire du Val d&rsquo;Yerres</a> et &eacute;galement <a href=\"/equipements/salle-de-spectacle/cec-salle-de-spectacle.html\">le CEC de Yerres</a>.</p>\r\n<p><br /> En &eacute;troite collaboration avec la Communaut&eacute; d&rsquo;agglom&eacute;ration du Val d&rsquo;Yerres et de l&rsquo;ensemble des communes du Val d&rsquo;Yerres, la Sothevy g&egrave;re ce service public &agrave; la disposition des Val d&rsquo;Yerrois depuis 2011.</p>", "ville": 1, "url": "", "telephone": "01 69 02 34 35", "email": "", "logo": "uploads/evenements/group-soumere.png", "rue": "2 rue Marc Sangnier", "slug": "sothevy"}}, {"pk": 3, "model": "evenements.organisateur", "fields": {"meta_description": "0", "nom": "Office de tourisme Seine-Essonne", "fax": "", "description": "", "ville": 8, "url": "", "telephone": "01 64 96 23 97", "email": "", "logo": "", "rue": "11 Place du Comte Haymon", "slug": "tourisme-seine-essone"}}, {"pk": 4, "model": "evenements.organisateur", "fields": {"meta_description": "Val d'Yerres Emploi", "nom": "Val d'Yerres Emploi", "fax": "", "description": "<p>Val d&rsquo;Yerres Emploi est un service d&rsquo;accompagnement &agrave; l&rsquo;emploi ayant pour objectif d&rsquo;informer, orienter et conseiller les usagers dans leur recherche d&rsquo;emploi par un suivi personnalis&eacute;.</p>\r\n<h2>Ses missions&nbsp;:</h2>\r\n<ul>\r\n<li><a href=\"http://www.levaldyerres.fr/orientation-formation.html\">Faciliter l&rsquo;orientation professionnelle </a></li>\r\n<li>R&eacute;ussir un meilleur acc&egrave;s ou retour &agrave; l&rsquo;emploi du demandeur d&rsquo;emploi par une action de proximit&eacute;</li>\r\n<li><a href=\"http://www.levaldyerres.fr/reprise-creation-activite-entreprise\">D&eacute;velopper l&rsquo;emploi et la cr&eacute;ation d&rsquo;entreprise </a></li>\r\n<li><a href=\"http://www.levaldyerres.fr/cellule-entreprise-du-val-d-yerres-recrutement.html\">Appui technique dans la d&eacute;marche de recrutement via la cellule entreprise</a></li>\r\n<li><a href=\"http://www.levaldyerres.fr/ateliers-et-permanences-val-d-yerres-emploi\">Proposer des ateliers d&rsquo;insertion professionnelle et des permanences pour favoriser l&rsquo;insertion</a></li>\r\n</ul>\r\n<p><strong>Localisation&nbsp;:</strong></p>\r\n<p>Val d&rsquo;Yerres Emploi est un service de proximit&eacute; r&eacute;parti sur le territoire du Val d&rsquo;Yerres dont les antennes se trouvent :&nbsp;</p>\r\n<ul>\r\n<li>&agrave; <a href=\"http://www.levaldyerres.fr/maison_emploi_boussy_quincy\">Boussy-Saint Antoine</a></li>\r\n<li>&agrave; <a href=\"http://www.levaldyerres.fr/maison_emploi_brunoy\">Brunoy</a></li>\r\n<li>&agrave; <a href=\"http://www.levaldyerres.fr/maison_emploi_epinay\">Epinay sous S&eacute;nart</a></li>\r\n<li>&agrave; <a href=\"http://www.levaldyerres.fr/maison_emploi_yerres_crosne\">Yerres</a></li>\r\n</ul>\r\n<p>Chaque antenne abrite &eacute;galement la Mission locale plus particuli&egrave;rement charg&eacute;e de l&rsquo;insertion sociale et professionnelle des jeunes de 16 &agrave; 25 ans en recherche d&rsquo;emploi, de formation professionnelle, etc.</p>\r\n<p><strong>Infos pratiques :</strong></p>\r\n<ul>\r\n<li><a href=\"http://www.levaldyerres.fr/moibilite-emploi\">Mobilit&eacute;</a></li>\r\n</ul>", "ville": 4, "url": "", "telephone": "01 69 39 10 40", "email": "", "logo": "", "rue": "78 RN 6 BP 103", "slug": "val-dyerres-emploi"}}, {"pk": 1, "model": "evenements.saison", "fields": {"nom": "Saison Culturelle 2012-2013", "debut": "2012-08-31T23:00:00Z", "fin": "2013-06-30T21:00:00Z", "description": "<p style=\"text-align: left;\">Etonner, &eacute;mouvoir, amuser et enchanter, voici ce que propose la nouvelle saison culturelle du Val d&rsquo;Yerres.</p>\r\n<p>En parcourant cette nouvelle programmation, vous prendrez connaissance des grands rendez-vous qui rythmeront les prochains mois.</p>\r\n<p>La ligne artistique, riche et &eacute;clectique, destin&eacute;e &agrave; un large public, vous offre l&rsquo;occasion d&rsquo;alimenter votre curiosit&eacute;. Musique, danse, th&eacute;&acirc;tre, spectacle comique ou conte pour enfants, vous n&rsquo;avez que l&rsquo;embarras du choix pour rencontrer des artistes reconnus ou &agrave; d&eacute;couvrir.</p>\r\n<p>Nous vous invitons d&egrave;s &agrave; pr&eacute;sent &agrave; choisir parmi les instants magiques propos&eacute;s par Le Val d'Yerres et le Group Soum&egrave;re. Autant de moments d&rsquo;enthousiasme qui vous habiteront longtemps apr&egrave;s la tomb&eacute;e du rideau&hellip;</p>", "slug": "saison-culturelle-2012-2013"}}, {"pk": 2, "model": "evenements.saison", "fields": {"nom": "2\u00e8me Festival de contes", "debut": "2012-09-11T23:00:00Z", "fin": "2012-10-06T21:00:00Z", "description": "<p>Le festival de contes est organis&eacute; par le service &laquo; Action culturelle et r&eacute;seau des biblioth&egrave;ques &raquo; du Val d'Yerres.</p>", "slug": "2eme-festival-de-contes"}}, {"pk": 3, "model": "evenements.saison", "fields": {"nom": "Divers 2012-2013", "debut": "2012-08-31T22:00:00Z", "fin": "2013-08-31T21:00:00Z", "description": "<p>Les &eacute;v&egrave;nements &nbsp;2012-2013 qui ne font pas partie de la saison culturelle du Val d'Yerres</p>", "slug": "divers-2012-2013"}}, {"pk": 1, "model": "evenements.saisonculturelle", "fields": {}}, {"pk": 3, "model": "evenements.saisonculturelle", "fields": {}}, {"pk": 2, "model": "evenements.festival", "fields": {"saison_culture": 1}}, {"pk": 1, "model": "evenements.typeevenement", "fields": {"nom": "Conte", "slug": "conte"}}, {"pk": 3, "model": "evenements.typeevenement", "fields": {"nom": "Th\u00e9\u00e2tre", "slug": "theatre"}}, {"pk": 4, "model": "evenements.typeevenement", "fields": {"nom": "Humour", "slug": "humour"}}, {"pk": 5, "model": "evenements.typeevenement", "fields": {"nom": "Chanson", "slug": "chanson"}}, {"pk": 6, "model": "evenements.typeevenement", "fields": {"nom": "Musique", "slug": "musique"}}, {"pk": 7, "model": "evenements.typeevenement", "fields": {"nom": "Loisirs", "slug": "loisirs"}}, {"pk": 8, "model": "evenements.typeevenement", "fields": {"nom": "Cin\u00e9ma", "slug": "cinema"}}, {"pk": 9, "model": "evenements.typeevenement", "fields": {"nom": "Recrutement", "slug": "recrutement"}}, {"pk": 1, "model": "evenements.evenement", "fields": {"meta_description": "Carte blanche aux professeurs du r\u00e9seau des conservatoires.", "nom": "Peau d'\u00e2ne", "description": "<p>Carte blanche aux professeurs du r&eacute;seau des conservatoires.</p>\r\n<p>Tout public &agrave; partir de 5 ans.</p>\r\n<p>Conte musical.</p>", "url": "", "type": 1, "image": "", "debut": "2012-09-12T17:30:00Z", "organisateur": [1], "publish": true, "lieu": 5, "cadre_evenement": 2, "fin": "2012-09-12T17:30:00Z", "slug": "peau-dane", "haut_page": false}}, {"pk": 2, "model": "evenements.evenement", "fields": {"meta_description": "Th\u00e9 \u00e0 la menthe ou t'es citron? Une com\u00e9die de Patrick Haudecoeur avec Nathalie Cerda. Moli\u00e8re 2011 de la meilleur pi\u00e8ce comique.", "nom": "Th\u00e9 \u00e0 la menthe ou t'es citron?", "description": "<p>Une com&eacute;die de Patrick Haudecoeur avec Nathalie Cerda, Jean-Luc Porraz, Isabelle Spade...</p>\r\n<p>Moli&egrave;re 2011 de la meilleur pi&egrave;ce comique.</p>\r\n<p>C'est l'histoire d'une troupe de com&eacute;diens qui r&eacute;p&egrave;te une pi&egrave;ce de boulevard. Le soir de la premi&egrave;re arrive, et l&agrave;... tout tourne au d&eacute;lire, en une succession d'impr&eacute;vus!</p>", "url": "http://spectacles.levaldyerres.fr/portfolio/the-a-la-menthe-ou-tes-citron/", "type": 3, "image": "uploads/evenements/thealamenthe_g.jpg", "debut": "2013-01-26T19:30:00Z", "organisateur": [2], "publish": true, "lieu": 6, "cadre_evenement": 1, "fin": "2013-01-26T21:10:00Z", "slug": "the-a-la-menthe-ou-tes-citron", "haut_page": true}}, {"pk": 3, "model": "evenements.evenement", "fields": {"meta_description": "Le songe d'une nuit d'\u00e9t\u00e9 - Une pi\u00e8ce de Shakespeare transpos\u00e9 dans les ann\u00e9es 1960", "nom": "Le songe d'une nuit d'\u00e9t\u00e9", "description": "<h3>Shakespeare transpos&eacute; dans les ann&eacute;es 1960</h3>\r\n<p><strong>Le classique en mode chapeau melon et&nbsp;bottes de cuir</strong><br /> Cette pi&egrave;ce dans laquelle Shakespeare&nbsp;c&eacute;l&egrave;bre l&rsquo;amour, le d&eacute;sir et le th&eacute;&acirc;tre est la&nbsp;plus divertissante, passionnelle et charnelle&nbsp;de l&rsquo;auteur. Lysandre veut &eacute;pouser Hermia.&nbsp;Hermia veut &eacute;pouser Lysandre&hellip; Donc tout&nbsp;va bien. Et bien non&hellip; car Eg&eacute;e, p&egrave;re&nbsp;d&rsquo;Hermia, la destine &agrave; D&eacute;m&eacute;trius, dont&nbsp;H&eacute;l&eacute;na est amoureuse. Pour &eacute;chapper &agrave;&nbsp;Eg&eacute;e, Lysandre et Hermia s&rsquo;enfuient alors&nbsp;dans la for&ecirc;t&hellip;</p>", "url": "", "type": 3, "image": "", "debut": "2013-04-12T18:30:00Z", "organisateur": [2], "publish": true, "lieu": 8, "cadre_evenement": 1, "fin": "2013-04-12T20:30:00Z", "slug": "le-songe-dune-nuit-dete", "haut_page": false}}, {"pk": 4, "model": "evenements.evenement", "fields": {"meta_description": "Le Quatuor - Spectacle d'humour : \"Des clowns virtuoses de l\u2019archet\", \"le talent et l\u2019humour de musiciens inventifs\".", "nom": "Le Quatuor", "description": "<h3>Le talent et l&rsquo;humour de musiciens inventifs</h3>\r\n<p><strong>Des clowns virtuoses de l&rsquo;archet</strong><br /> Voil&agrave; plus de trente ans que &ldquo;Le Quatuor&rdquo; a&nbsp;pris son envol vers un univers d&eacute;lirant o&ugrave; ils&nbsp;se sont impos&eacute;s comme les rois de l&rsquo;humour&nbsp;musical et visuel. Ils sont de retour&nbsp;avec un nouveau spectacle renouvelant&nbsp;totalement le r&eacute;pertoire de ces virtuoses,&nbsp;repoussant les&nbsp;limites de l&rsquo;inventivit&eacute; en&nbsp;menant chacun aux confins de ses inspirations&nbsp;les plus d&eacute;brid&eacute;es et les plus folles.&nbsp;Dans ce nouvel opus, tout en restant fid&egrave;les&nbsp;&agrave; l&rsquo;esth&eacute;tique et &agrave; la diversit&eacute; des &eacute;motions&nbsp;suscit&eacute;es jusqu&rsquo;&agrave; ce jour, et qui font &agrave; la fois&nbsp;leur raret&eacute; et leur marque de fabrique, ils&nbsp;n&rsquo;ont de cesse que poursuivre plus loin leur&nbsp;imaginaire et l&rsquo;exploration de nouvelles&nbsp;formes.</p>", "url": "http://spectacles.levaldyerres.fr/", "type": 4, "image": "uploads/evenements/lequatuor.jpg", "debut": "2013-04-13T18:30:00Z", "organisateur": [2], "publish": true, "lieu": 6, "cadre_evenement": 1, "fin": "2013-04-13T20:00:00Z", "slug": "le-quatuor", "haut_page": false}}, {"pk": 5, "model": "evenements.evenement", "fields": {"meta_description": "Noa, la plus grande chanteuse isra\u00e9lienne!", "nom": "Noa", "description": "<p><strong>Un concert unique</strong><br /> Voix d&rsquo;exception, star internationale,&nbsp;femme de paix, Noa parcours le monde&nbsp;avec son message d&rsquo;espoir. Elle atteint la&nbsp;cons&eacute;cration avec &ldquo;I Don&rsquo;t Know&rdquo; en 1994.&nbsp;Gorg&eacute;e d&rsquo;influences musicales, elle est de&nbsp;retour en France en 2013 pour quelques&nbsp;dates exceptionnelles.</p>", "url": "http://spectacles.levaldyerres.fr/", "type": 5, "image": "uploads/evenements/noa.jpg", "debut": "2013-04-05T18:30:00Z", "organisateur": [2], "publish": true, "lieu": 6, "cadre_evenement": 1, "fin": "2013-04-05T20:00:00Z", "slug": "noa", "haut_page": false}}, {"pk": 6, "model": "evenements.evenement", "fields": {"meta_description": "Lady Oscar : l\u2019histoire connue revisit\u00e9e avec brio. Une com\u00e9die de Claude Magnier avec Amanda Lear", "nom": "Lady Oscar", "description": "<h3>Lady Oscar : l&rsquo;histoire connue revisit&eacute;e avec brio</h3>\r\n<p><strong>Une com&eacute;die haute en couleurs</strong><br /> Clara Barnier, ic&ocirc;ne de la mode et de la&nbsp;haute couture, ancien top mod&egrave;le et cr&eacute;atrice&nbsp;du magazine &ldquo;Lady Mode&rdquo; est c&eacute;l&egrave;bre&nbsp;pour avoir le verbe aussi haut que ses talons&nbsp;!<br /> Alors quand un samedi matin, en plein jet&nbsp;lag, son comptable vient la r&eacute;veiller pour lui&nbsp;demander d&rsquo;&eacute;pouser sa fille, le week-end&nbsp;commence mal, tr&egrave;s mal&hellip;<br /> Les &eacute;v&eacute;nements vont s&rsquo;encha&icirc;ner &agrave; toute&nbsp;allure dans ce classique de la com&eacute;die&nbsp;revisit&eacute; sur mesure pour Amanda Lear !</p>", "url": "", "type": 3, "image": "uploads/evenements/ladyoscar.jpg", "debut": "2013-03-22T19:30:00Z", "organisateur": [2], "publish": true, "lieu": 6, "cadre_evenement": 1, "fin": "2013-03-22T21:10:00Z", "slug": "lady-oscar", "haut_page": false}}, {"pk": 7, "model": "evenements.evenement", "fields": {"meta_description": "Ropartz et Caillebotte sous la direction musicale de Michel Piquemal, accompagn\u00e9 par l\u2019Orchestre Pasdeloup", "nom": "Ropartz et Caillebotte", "description": "<p><strong>Grandes Messes</strong><br /> Martial Caillebotte a compos&eacute; sa Messe solennelle&nbsp;de P&acirc;ques en 1896, presque deux&nbsp;ans apr&egrave;s la mort de son fr&egrave;re Gustave et&nbsp;l&rsquo;ann&eacute;e m&ecirc;me de celle de son a&icirc;n&eacute; Alfred.&nbsp;On peut alors penser que cette messe de&nbsp;la R&eacute;surrection est le fruit d&rsquo;un travail de&nbsp;deuil et porte ce titre en hommage &agrave; cette&nbsp;fratrie si soud&eacute;e mais aussi en signe de&nbsp;confiance en la vie, renouvel&eacute;e gr&acirc;ce &agrave; ses&nbsp;propres enfants. Elle porte la marque de ce&nbsp;que l&rsquo;on a appel&eacute; plus tard le post-romantisme,&nbsp;fait &agrave; la fois de sentimentalisme&nbsp;harmonique et d&rsquo;audaces fugitives dans la&nbsp;composition. Le Requiem de Ropartz est lui&nbsp;rapproch&eacute; souvent au Requiem de Faur&eacute;,&nbsp;une grande messe pour les morts.</p>", "url": "http://spectacles.levaldyerres.fr/", "type": 6, "image": "uploads/evenements/ropartz.jpg", "debut": "2013-02-23T19:30:00Z", "organisateur": [2], "publish": true, "lieu": 6, "cadre_evenement": 1, "fin": "2013-02-23T21:00:00Z", "slug": "ropartz-et-caillebotte", "haut_page": false}}, {"pk": 8, "model": "evenements.evenement", "fields": {"meta_description": "F\u00eate de la For\u00eat de S\u00e9nart \u00e0 la Faisanderie de S\u00e9nart Etiolles", "nom": "F\u00eate de la For\u00eat de S\u00e9nart ", "description": "<div class=\"content\">\r\n<p>Ne manquez pas la 4&egrave;me &eacute;dition de la F&ecirc;te de la For&ecirc;t de S&eacute;nart ! <br /><br />Comme chaque ann&eacute;e, cette manifestation gratuite replonge le public dans une fraction de l&rsquo;Histoire. Cette ann&eacute;e, le th&egrave;me des \"Jeux Antiques\" sera mis en sc&egrave;ne.</p>\r\n</div>", "url": "http://www.office-tourisme-essonne.com/evenement-fete-de-la-foret-de-senart--faisanderie-de-senart-a-etiolles--1036.php", "type": 7, "image": "", "debut": "2012-09-23T08:00:00Z", "organisateur": [3], "publish": true, "lieu": 11, "cadre_evenement": 3, "fin": "2012-09-23T16:00:00Z", "slug": "fete-de-la-foret-de-senart", "haut_page": false}}, {"pk": 9, "model": "evenements.evenement", "fields": {"meta_description": "Soir\u00e9e de pr\u00e9sentation de la nouvelle saison culturelle du Val d'Yerres avec Didier Gustin ", "nom": "Soir\u00e9e de pr\u00e9sentation de la nouvelle saison culturelle du Val d'Yerres ", "description": "<p>C'est vendredi 14 septembre que le rideau s'ouvre sur la nouvelle saison culturelle du Val d'Yerres !</p>\r\n<p>Une grande soir&eacute;e de pr&eacute;sentation des spectacles de l'ann&eacute;e vous est propos&eacute;e &agrave; partir de 20h30 au nouveau CEC de Yerres. En prime, &agrave; l'issue de la pr&eacute;sentation, le tout dernier spectacle de l'humoriste et imitateur Didier Gustin...</p>", "url": "", "type": 4, "image": "uploads/evenements/didier_gustin_-_portrait_noir_&_blanc_300_dpi_-_de_5_mo.jpg", "debut": "2012-09-14T18:30:00Z", "organisateur": [2], "publish": true, "lieu": 5, "cadre_evenement": 1, "fin": "2012-09-14T21:00:00Z", "slug": "soiree-de-presentation-de-la-nouvelle-saison-culturelle-du-val-dyerres", "haut_page": false}}, {"pk": 10, "model": "evenements.evenement", "fields": {"meta_description": "Session de recrutement collectif ", "nom": "Session de recrutement collectif ", "description": "<p>Session de recrutement collectif : Presentation de l'entreprise et des postes propos&eacute;s .</p>", "url": "", "type": 9, "image": "", "debut": "2012-09-17T07:00:00Z", "organisateur": [4], "publish": true, "lieu": 12, "cadre_evenement": 3, "fin": "2012-09-17T10:00:00Z", "slug": "session-de-recrutement-collectif", "haut_page": false}}, {"pk": 11, "model": "evenements.evenement", "fields": {"meta_description": " replongez avec bonheur dans les veill\u00e9es d\u2019autrefois au coin du feu en Bretagne", "nom": "Si Bretagne m'\u00e9tait cont\u00e9e", "description": "<p>De gwerz en chants de marins, de l&eacute;gendes en contes merveilleux, de musiques en silences, replongez avec bonheur dans les veill&eacute;es d&rsquo;autrefois au coin du feu en Bretagne. Vous r&eacute;jouirez vos oreilles mais &eacute;galement vos papilles en d&eacute;gustant avec gourmandise de savoureuses cr&ecirc;pes que notre conteur cr&ecirc;pier confectionnera devant vous.</p>\r\n<p>Soir&eacute;e inoubliable garantie !!!</p>", "url": "", "type": 1, "image": "uploads/evenements/si-bretagne-m-etait-conte.jpg", "debut": "2012-10-06T18:30:00Z", "organisateur": [1], "publish": true, "lieu": 10, "cadre_evenement": 2, "fin": "2012-10-06T20:00:00Z", "slug": "si-bretagne-metait-contee", "haut_page": false}}, {"pk": 1, "model": "evenements.prix", "fields": {"gratuit": false, "prix": 7.5, "nom": "Ext\u00e9rieur - plein tarif"}}, {"pk": 2, "model": "evenements.prix", "fields": {"gratuit": false, "prix": 5.0, "nom": "Ext\u00e9rieur - tarif r\u00e9duit"}}, {"pk": 3, "model": "evenements.prix", "fields": {"gratuit": false, "prix": 5.0, "nom": "Val d'Yerrois - plein tarif"}}, {"pk": 4, "model": "evenements.prix", "fields": {"gratuit": false, "prix": 3.0, "nom": "Val d'Yerrois - tarif r\u00e9duit "}}, {"pk": 1, "model": "evenements.tarification", "fields": {"prix": [1, 2, 3, 4], "evenement": 1}}, {"pk": 1, "model": "localisations.ville", "fields": {"meta_description": "ville d'yerres", "nom": "Yerres", "code_postal": "91150", "description": "Commune d'Yerres", "communaute_agglo": true, "lien": "http://www.yerres.fr/", "slug": "403"}}, {"pk": 2, "model": "localisations.ville", "fields": {"meta_description": "Ville de Boussy-Saint-Antoine dans l'Essone, r\u00e9gion \u00eele de france", "nom": "Boussy-Saint-Antoine", "code_postal": "91800", "description": "<p><img style=\"display: block; margin-left: auto; margin-right: auto;\" src=\"/sites/default/files/carte_boussy.jpg\" alt=\"\" height=\"300\" width=\"202\"></p><p>Situ\u00e9 entre Quincy-Sous-S\u00e9nart, en amont, et \u00c9pinay-sous-S\u00e9nart, en aval, Boussy-Saint-Antoine est au centre du Val d'Yerres, sur la rivi\u00e8re l'Yerres (affluent de la Seine).<br><br>\u2022&nbsp;Arrondissement&nbsp;: Evry<br>\u2022&nbsp;Canton&nbsp;: Epinay sous S\u00e9nart<br>\u2022&nbsp;Superficie&nbsp;: 270 hectares<br>\u2022&nbsp;Population&nbsp;: 6 729 habitants ( recensement 2009)<br>\u2022&nbsp;Habitants&nbsp;: Les Buxaciens</p><p><strong>Origine du nom</strong><br>Lieu plant\u00e9 de \u00ab godeux \u00bb (arbrisseaux \u00e9pineux), assise essart\u00e9e gagn\u00e9e par les hommes sur la for\u00eat tut\u00e9laire (S\u00e9nart), est d\u00e9sign\u00e9 dans les textes anciens (XIIIe s) comme Bucciacus ou Butiaco, Bussiacum ou Buciacum / des noms de forme latine d\u00e9cadente n\u00e9s de \u00ab Buxus \u00bb, mais aussi \u00abBuisson\u00bb que l'idiome local faisait prononcer Bouss-\u00ee, : d'o\u00f9 \u00abBussy\u00bb, \u00abBucy\u00bb, \u00abBoucy\u00bb, et enfin \u00abBoussy\u00bb; Boussy-Saint-Pierre au XIVe s, Boussy Saint-Antoine au XVe s.</p><p>&nbsp;</p><p><strong>Le blason</strong><br><br><img src=\"/media/images/Blason_Boussy_Saint_Antoine.png\" alt=\"\" height=\"165\" width=\"150\"></p><p><br>Cr\u00e9\u00e9 en 1960. Inspir\u00e9 des armoiries de deux communaut\u00e9s religieuses, propri\u00e9taires terriens : les armoiries de l\u2019Abbaye de Chaume, en Brie, seigneur de Boussy jusqu'en 1426, pour ses soutiens (2 cl\u00e9s de st-Pierre et 2 fleurs de Lys) et de celles de l'abbaye de St-Antoine de Viennois, seigneur de Boussy de 1426 \u00e0 1778, pour l'Aigle \u00e9ploy\u00e9 (non bic\u00e9phale) et le Tau de Saint-Antoine brochant au c\u0153ur de l'\u00e9cu.<br><br><strong>Historique </strong><br>Un Menhir de gr\u00e8s (h. 1,85 m), M.H. 1911, dress\u00e9 (pierre-fitte) en rive droite de l'Yerres au sud du Vieux-village atteste, semble-t-il, de la pr\u00e9sence de l'homme au n\u00e9olithique. <br>Bien-fonds eccl\u00e9siastique, Boussy est n\u00e9e du d\u00e9membrement du domaine royal de Brunoy apr\u00e8s que le dernier roi m\u00e9rovingien, Child\u00e9ric III, ait \u00e9t\u00e9 d\u00e9tr\u00f4n\u00e9 en 750. Son histoire se d\u00e9gage peu \u00e0 peu des brumes du pass\u00e9 par la connaissance des d\u00e9pendances que quatre grandes communaut\u00e9s ont poss\u00e9d\u00e9 successivement \u00e0 cet endroit de la vall\u00e9e.<br>Dans la premi\u00e8re moiti\u00e9 du XIVe s, celle de Sainte-Genevi\u00e8ve de Paris, par sa maison d'Epinay (pr\u00e8s de S\u00e9nart), tirait des revenus de cette terre noble; puis ce fut celle de Saint-Pierre, \u00e0 chaumes (en Brie) qui, pendant un si\u00e8cle, en fut le seigneur. Celle des Antonins, de la puissante Abbaye hospitali\u00e8re de Saint-Antoine en Viennois (Is\u00e8re), prit la suite, trois si\u00e8cles et demi durant, au profit de sa pr\u00e9ceptorie parisienne. Enfin, en 1778, la terre de Boussy passait dans les possessions de celle de l'ordre hospitalier de Malte qui en sera d\u00e9poss\u00e9d\u00e9e douze ann\u00e9es plus tard par la r\u00e9volution.<br>Au XIXe s, la rusticit\u00e9 champ\u00eatre, la valeur du terroir, la campagne giboyeuse, la beaut\u00e9 du site et le chemin de fer (1849/1850, gare de Brunoy \u00e0 3 km) attirait de grands bourgeois parisiens qui y gard\u00e8rent longtemps des habitudes de week-end dans de belles propri\u00e9t\u00e9s.<br>En 1960, les bulldozers, qui chambard\u00e8rent son paysage pour cr\u00e9er les infrastructures d'une \u00ab ville \u00e0 la campagne \u00bb, effac\u00e8rent quinze si\u00e8cles de ruralit\u00e9. Au vieux village, pr\u00e8s de l'\u00e9glise et de la mairie, l'ancienne ferme briarde (centre agricole de 117 ha. en 1958) est devenue le Centre socioculturel de la commune, en 1996.</p><p>&nbsp;</p><table style=\"background-color: #dedede;\" align=\"center\" border=\"0\" cellpadding=\"20\"><tbody><tr><td><img src=\"/media/images/boussy.jpg\" alt=\"\"></td><td><div class=\"coordville\">5 place des Droits de l'Homme<br><div class=\"coordvilleadr\">91800 Boussy-saint-Antoine<br> T\u00e9l. : 01 69 00 32 27</div> <div class=\"lnkville\"><a href=\"http://www.ville-boussy-saint-antoine.fr/\"></a><a href=\"http://www.ville-boussy.fr/\">http://www.ville-boussy.fr</a></div></div></td></tr></tbody></table>", "communaute_agglo": true, "lien": "http://www.ville-boussy.fr/", "slug": "404/"}}, {"pk": 3, "model": "localisations.ville", "fields": {"meta_description": "Ville de Brunoy dans l'Essone, r\u00e9gion Ile de france", "nom": "Brunoy", "code_postal": "91800", "description": "<p style=\"text-align: justify;\"><strong>Brunoy, une ville dans un jardin...</strong><br /><br />Les ch&acirc;teaux et jardins princiers appartiennent au pass&eacute; mais Brunoy demeure une commune r&eacute;sidentielle dans un environnement privil&eacute;gi&eacute; et convoit&eacute;, en lisi&egrave;re des 3 000 hectares de la for&ecirc;t de S&eacute;nart et en bordure de l'Yerres.<br />Contrairement &agrave; de nombreuses autres villes de la banlieue parisienne o&ugrave; le pavillonnaire du d&eacute;but du si&egrave;cle a fait place aux grands ensembles, Brunoy a su conserver une implantation d'origine. La municipalit&eacute; s'emploi &agrave; pr&eacute;server les parcs d'autrefois ainsi que les &eacute;l&eacute;ments remarquables de son histoire (Eglise Saint-M&eacute;dard, orgue, villas du XIXe...).<br /><br />Encore consid&eacute;r&eacute; comme un petit village il y a quelques ann&eacute;es,&nbsp; Brunoy compte aujourd'hui 26 324 habitants, r&eacute;partis sur les&nbsp;662 hectares de la commune.<br /><br />Jumel&eacute;e avec trois villes Europ&eacute;ennes&nbsp;: Wittlich (Allemagne), Reigate and Banstead (Angleterre) et Espinho (Portugual), Brunoy entretient une tradition d'hospitalit&eacute;.<br />Ces jumelages donnent lieu &agrave; des &eacute;changes r&eacute;guliers organis&eacute;s par le Comit&eacute; de jumelage au niveau des &eacute;tablissements scolaires et des associations.<br />La commune a &eacute;galement sign&eacute; un pacte d'amiti&eacute; avec la ville du G&eacute;n&eacute;ral San Martin (Argentine) et parraine depuis 1989 le village de Corbi (Roumanie).<br /><br />Au fil des ann&eacute;e, Brunoy a su s'adapter aux attentes des ses habitants gr&acirc;ce &agrave; une activit&eacute; &eacute;conomique de proximit&eacute; fleurissante et une offre d'animations croissante.</p>\r\n<p style=\"text-align: justify;\">De nombreux &eacute;v&eacute;nements, initi&eacute;s par la ville et ses habitants sont ancr&eacute;s dans les habitudes de chacun et profitent &agrave; la vie de notre cit&eacute;. La Municipalit&eacute; attache en effet une grande importance &agrave; la d&eacute;mocratie participative, laquelle s'exprime au travers de Comit&eacute;s consultatifs tels que les Conseils de quartiers, le Conseil municipal des jeunes ou encore le Conseil des seniors. Les grands rendez-vous comme le Carnaval des quartiers, les 10 Bornes de la Saint-M&eacute;dard, la f&ecirc;te de la ville ou les Journ&eacute;es du patrimoine, le Grand Prix Cycliste du Conseil Municipal et le March&eacute; de No&euml;l, rythment l'ann&eacute;e au d&eacute;tour notamment de tous les spectacles, expositions, guinguettes et th&eacute;matiques diverses propos&eacute;s par les diff&eacute;rentes structures municipales (Th&eacute;&acirc;tre de la Vall&eacute;e de l'Yerres, Mus&eacute;e municipal Robert Dubois-Corneau, Maison des arts - le R&eacute;veillon, Relais jeunes, Centre social municipal...).<br /><br />Ainsi, Brunoy demeure &laquo;&nbsp;une ville dans un jardin&nbsp;&raquo; et continue de cultiver son art de vivre.</p>\r\n<table style=\"background-color: #dedede;\" border=\"0\" cellpadding=\"20\" align=\"center\">\r\n<tbody>\r\n<tr>\r\n<td><img src=\"/media/uploads/blason_brunoy.png\" alt=\"\" width=\"76\" height=\"65\" /></td>\r\n<td>\r\n<div class=\"coordville\">Place de la Mairie<br />\r\n<div class=\"coordvilleadr\">91800 Brunoy<br /> T&eacute;l. : 01 69 39 89 89</div>\r\n<div class=\"lnkville\"><a href=\"http://www.brunoy.fr/\">www.brunoy.fr</a></div>\r\n</div>\r\n</td>\r\n</tr>\r\n</tbody>\r\n</table>", "communaute_agglo": true, "lien": "http://www.brunoy.fr/", "slug": "405"}}, {"pk": 4, "model": "localisations.ville", "fields": {"meta_description": "Adresse postale du si\u00e8ge de la Communaut\u00e9 d'Agglom\u00e9ration du Val d'Yerres.", "nom": "Brunoy CEDEX", "code_postal": "91805", "description": "<p>Adresse postale du si&egrave;ge de la Communaut&eacute; d'Agglom&eacute;ration du Val d'Yerres.</p>", "communaute_agglo": false, "lien": "http://www.levaldyerres.fr/", "slug": "brunoy-cedex"}}, {"pk": 5, "model": "localisations.ville", "fields": {"meta_description": "Ville de Crosne dans l'Essone, r\u00e9gion Ile de france", "nom": "Crosne", "code_postal": "91560", "description": "<div class=\"node\">\r\n<div class=\"content\">\r\n<p><img src=\"/media/uploads/crosne_intro.jpg\" alt=\"\" width=\"230\" height=\"136\" />&nbsp;</p>\r\n<p><span>\"<strong>Ancien Petit village Gaulois</strong>\", Crosne est un lieu habit&eacute; d&egrave;s la pr&eacute;histoire et regroupe, aujourd'hui pr&egrave;s de 10&nbsp;000 habitants, l&rsquo;esprit de convivialit&eacute; a toujours &eacute;t&eacute; le point fort de ce village.</span></p>\r\n<p><span>Au IX<sup>e</sup> si&egrave;cle, le bon vin que buvaient ordinairement les Moines de l'Abbaye de Saint-Germain-des-Pr&eacute;s, provenait des vignes de Crosne. Une forte joie de vivre &eacute;tait d&eacute;j&agrave; ancr&eacute;e dans la culture des habitants et fait toujours ses preuves aujourd'hui. Il n'y a plus de moines, mais pr&egrave;s de 80 associations avec plus de 50 % de participation des Crosnois.</span></p>\r\n<p>&nbsp;</p>\r\n<p><span>De nombreuses personnalit&eacute;s, attir&eacute;es par le charme de ce village et l'esprit de convivialit&eacute;, ont v&eacute;cu ou sont venues &agrave; Crosne :</span></p>\r\n<p><span>&nbsp;</span><strong>- Nicolas Boileau</strong> <em>(Homme de lettres)</em></p>\r\n<p><em>&nbsp;</em><strong>- Thiroux de Crosne</strong> <em>(Ma&icirc;tre des requ&ecirc;tes qui plaida l'affaire Calas, treizi&egrave;me et dernier lieutenant g&eacute;n&eacute;ral de police de Paris)</em></p>\r\n<p><em>&nbsp;</em><strong>- Colbert de Seignelay</strong> <em>(Petit fils du grand Colbert, Ministre des finances de Louis XIV)</em></p>\r\n<p><em>&nbsp;</em><strong>- l'Abb&eacute; Sieye</strong>s <em>(Homme d'&Eacute;glise, id&eacute;ologue de la r&eacute;volution fran&ccedil;aise et essayiste)</em></p>\r\n<p><em>&nbsp;</em><strong>- Le Mar&eacute;chal Berthier</strong> <em>(Ministre de la Guerre de Napol&eacute;on, chef de la 1re Cohorte de la L&eacute;gion d'Honneur install&eacute;e &agrave; Crosne le 17 janvier 1805)</em></p>\r\n<p><em>&nbsp;</em><strong>- Jacques Elie Fromental Hal&eacute;vy</strong> <em>(Compositeur d'op&eacute;ras qui &eacute;crivit &agrave; Crosne en 1835 \"La Juive\", une des &oelig;uvres les plus repr&eacute;sentatives de l&rsquo;op&eacute;ra fran&ccedil;ais)</em></p>\r\n<p><em>&nbsp;</em><strong>- Nicolas Auguste Paillieux</strong> <em>(qui cultiva &agrave; Crosne la plante &agrave; laquelle il donna le nom de notre commune)</em></p>\r\n<p><em>&nbsp;</em><strong>- La famille d'&Eacute;mile Zola</strong> <em>(&Eacute;crivain, journaliste et homme public consid&eacute;r&eacute; comme le chef de file du naturalisme)</em></p>\r\n<p><em>&nbsp;</em><strong>- La famille d'Alfred Dreyfus</strong> <em>(\"L'Affaire Dreyfus\", qui fut au c&oelig;ur d'un conflit social et politique majeur de la III</em><sup><em>e</em></sup><em> R&eacute;publique)</em></p>\r\n<p><em>&nbsp;</em><strong>- Les fr&egrave;res Brandt</strong> <em>(Inventeurs en 1915 du \"mortier\" de tranch&eacute;e)</em></p>\r\n<p><em>&nbsp;</em><strong>- Ren&eacute; Fallet</strong> <em>(&Eacute;crivain et sc&eacute;nariste)</em> venait faire \"la f&ecirc;te\" avec ses amis &agrave; Crosne <em>(Boris Vian, Antoine Blondin, Georges Brassens, Jacques Pr&eacute;vert, Jean Carmet, Renaud .&nbsp;</em></p>\r\n<p>&nbsp;</p>\r\n<p><span>Sa situation en bordure de l&rsquo;Yerres, son &eacute;glise du 13<sup>e</sup> si&egrave;cle en plein c&oelig;ur de la vieille ville, son moulin et son histoire en font un village o&ugrave; il fait bon vivre.</span></p>\r\n<p><span>Dans le vallon de Crosne, le village champ&ecirc;tre est aujourd&rsquo;hui le centre ancien de la commune, avec ses ruelles resserr&eacute;es autour de l&rsquo;&eacute;glise Notre-Dame de L'Assomption.</span></p>\r\n<p>&nbsp;</p>\r\n<p><span>Sur la carte, Crosne se pr&eacute;sente sous la forme d'un triangle rectangle dont le grand c&ocirc;t&eacute; confine &agrave; Yerres et le petit &agrave; Montgeron. Les autres communes limitrophes sont Valenton et Villeneuve-Saint-Georges.</span></p>\r\n<p><span>Face au groupe scolaire Georges Brassens et derri&egrave;re l&rsquo;Espace Ren&eacute; Fallet, lieu de spectacles et de manifestations, le parc Anatole France, la Maison des Arts et la Mairie donnent sur le Fil vert. Un chemin bucolique, am&eacute;nag&eacute; en promenade au bord de l&rsquo;Yerres.</span></p>\r\n<p><span>Sur le coteau, des pavillons en meuli&egrave;re ont remplac&eacute; les vignes d&rsquo;autrefois. Le Centre Hospitalier Intercommunal et la Polyclinique de Villeneuve-Saint-Georges sont situ&eacute;s &agrave; cinq minutes du centre ville.</span></p>\r\n<p><span>Sur le plateau, le haut de Crosne comprend des constructions plus r&eacute;centes et de nombreux &eacute;quipements : le groupe scolaire des Vingt-Arpents, le coll&egrave;ge Bellevue, la Maison de la Petite Enfance et de la Famille, l&rsquo;espace Ados, le stade Henri Hurt, le gymnase La Palestre, les Tennis, le Citystade et le Boulodrome. 144 parcelles de jardins familiaux sont cultiv&eacute;es &agrave; l&rsquo;or&eacute;e du Bois de la Grange, &agrave; proximit&eacute; de la zone d'activit&eacute;s de la Plaine haute, la plus importante du Val d&rsquo;Yerres.</span></p>\r\n<p><span>&nbsp;</span></p>\r\n<table style=\"background-color: #dedede;\" border=\"0\" cellpadding=\"20\" align=\"center\">\r\n<tbody>\r\n<tr>\r\n<td><img src=\"/media/uploads/crosne.png\" alt=\"\" width=\"132\" height=\"65\" /></td>\r\n<td>35, avenue Jean Jaur&egrave;s<br /> 91560 Crosne<br /> T&eacute;l. : 01 69 49 64 00<br /><br />\r\n<div class=\"lnkville\"><a href=\"http://www.crosne.fr/\">www.crosne.fr</a></div>\r\n</td>\r\n</tr>\r\n</tbody>\r\n</table>\r\n</div>\r\n</div>", "communaute_agglo": true, "lien": "http://www.crosne.fr/", "slug": "crosne"}}, {"pk": 6, "model": "localisations.ville", "fields": {"meta_description": "Ville de Quincy-sous-S\u00e9nart dans l'Essone, r\u00e9gion Ile de france", "nom": "Quincy-sous-S\u00e9nart", "code_postal": "91480", "description": "<p><span>Quincy-sous-S&eacute;nart et ses 7688 habitants sont au c&oelig;ur de la verdure puisque, sur les 519 hectares qui couvrent la superficie de la commune, plus de la moiti&eacute; sont constitu&eacute;s d&rsquo;espaces verts.</span></p>\r\n<p><span>Elle est &agrave; l&rsquo;amont du Fil Vert, dont le point de d&eacute;part se situe d&rsquo;ailleurs &agrave; la Maison Verte en plein parc urbain&nbsp;; de l&agrave; les promeneurs peuvent suivre la vall&eacute;e de l&rsquo;Yerres en fl&acirc;nant le long du cours d&rsquo;eau jusqu&rsquo;&agrave; sa partie la plus septentrionale.</span></p>\r\n<p><span>La liaison avec les autres communes y est ais&eacute;e soit par la ligne SNCF, soit en utilisant les bus au d&eacute;part de la gare routi&egrave;re en limite des communes de Quincy et de Boussy-St-Antoine.</span></p>\r\n<p><span>Depuis le d&eacute;but du III&egrave;me mill&eacute;naire, Quincy-sous-S&eacute;nart s&rsquo;est embellie en autres d&rsquo;un parc qui se love autour de la Mairie o&ugrave; ont &eacute;t&eacute; implant&eacute;s un kiosque &agrave; musique et une halle o&ugrave; ont lieu diverses festivit&eacute;s culturelles durant les beaux jours.</span></p>\r\n<p><span>Enfin, avec la construction r&eacute;cente de la r&eacute;sidence &eacute;tudiante, la commune affirme sa vocation de ville o&ugrave; il fait bon vivre mais o&ugrave; il fait aussi bon &eacute;tudier.</span></p>\r\n<p><span>&nbsp;</span></p>\r\n<table style=\"background-color: #dedede;\" border=\"0\" cellpadding=\"20\" align=\"center\">\r\n<tbody>\r\n<tr>\r\n<td><img src=\"/media/uploads/quincy_sous_senart.png\" alt=\"\" width=\"76\" height=\"65\" /></td>\r\n<td>5, rue Combs- la- Ville<br /> 91480 Quincy-sous-S&eacute;nart<br /> T&eacute;l. : 01 69 00 14 14<br /><br />\r\n<div class=\"lnkville\"><a href=\"http://www.mairie-quincy-sous-senart.fr/\">www.mairie-quincy-sous-senart.fr</a></div>\r\n</td>\r\n</tr>\r\n</tbody>\r\n</table>", "communaute_agglo": true, "lien": "http://www.mairie-quincy-sous-senart.fr/", "slug": "quincy-sous-senart"}}, {"pk": 7, "model": "localisations.ville", "fields": {"meta_description": "Etiolles", "nom": "Etiolles", "code_postal": "91450", "description": "<p>Etiolles : Lieu de la f&ecirc;te de la for&ecirc;t de S&eacute;nart</p>", "communaute_agglo": false, "lien": "http://www.etiolles.fr/", "slug": "etiolles"}}, {"pk": 8, "model": "localisations.ville", "fields": {"meta_description": "Ville de Corbeil-Essonnes", "nom": "Corbeil-Essonnes", "code_postal": "91100", "description": "<p>Ville de Corbeil-Essonnes</p>", "communaute_agglo": false, "lien": "http://www.corbeil-essonnes.com/", "slug": "corbeil-essonnes"}}, {"pk": 5, "model": "localisations.lieu", "fields": {"ville": 2, "nom": "Salle G\u00e9rard Philipe", "longitude": 2.528459, "rue": "La Ferme - Cours Neuenhaus", "latitude": 48.689686, "slug": "salle-gerard-philipe"}}, {"pk": 6, "model": "localisations.lieu", "fields": {"ville": 1, "nom": "CEC - Salle de Spectacle", "longitude": 2.489462, "rue": "2 rue Marc Sangnier", "latitude": 48.714967, "slug": "cec-salle-de-spectacle"}}, {"pk": 8, "model": "localisations.lieu", "fields": {"ville": 3, "nom": "Th\u00e9\u00e2tre de la Vall\u00e9e de l\u2019Yerres", "longitude": 2.505574, "rue": "4, rue de Philisbourg", "latitude": 48.697688, "slug": "theatre-de-la-vallee-de-lyerres"}}, {"pk": 9, "model": "localisations.lieu", "fields": {"ville": 5, "nom": "Espace Ren\u00e9 Fallet", "longitude": 2.459065, "rue": "29bis, rue Jean Jaur\u00e8s", "latitude": 48.715146, "slug": "espace-rene-fallet"}}, {"pk": 10, "model": "localisations.lieu", "fields": {"ville": 6, "nom": "Salle M\u00e8re Marie Pia", "longitude": 2.538938, "rue": "2 rue de Combs-la-Ville", "latitude": 48.671811, "slug": "salle-mere-marie-pia"}}, {"pk": 11, "model": "localisations.lieu", "fields": {"ville": 7, "nom": " Faisanderie de S\u00e9nart", "longitude": 2.492887, "rue": "Route Foresti\u00e8re d'Etiolles", "latitude": 48.656798, "slug": "faisanderie-de-senart"}}, {"pk": 12, "model": "localisations.lieu", "fields": {"ville": 3, "nom": "Antenne Val d'Yerres Emploi de Brunoy", "longitude": 2.505739, "rue": "15/17 avenue de la R\u00e9publique", "latitude": 48.699196, "slug": "antenne-val-dyerres-emploi-de-brunoy"}}]