[{"pk": 1, "model": "aide.aide", "fields": {"nom": "QR Code ?", "slug": "qr-code", "contenu": "<h2>Qu&rsquo;est-ce qu&rsquo;un QR Code ?</h2>\r\n<p>Un QR Code est un code barre en deux dimensions.</p>\r\n<p>En scannant les QR Codes affich&eacute;s sur les pages du site internet du Val d'Yerres, vous pourrez&nbsp;selon le contexte :</p>\r\n<ul>\r\n<li>Ajouter un ev&egrave;nement &agrave; votre agenda.</li>\r\n<li>Ajouter un contact &agrave; votre carnet d'adresse.</li>\r\n</ul>\r\n<h2>Comment lire un QR Code ?</h2>\r\n<ol>\r\n<li>T&eacute;l&eacute;charger l&rsquo;application gratuite sur votre smatphone.</li>\r\n<li>Lancer l&rsquo;application.</li>\r\n<li>Viser le QR Code.</li>\r\n</ol>\r\n<p>Une fois interpr&eacute;t&eacute;, votre mobile vous indique le contenu.</p>\r\n<h2>Comment t&eacute;l&eacute;charger l&rsquo;application gratuite ?</h2>\r\n<p>Si vous avez un smartphone, consultez les applications gratuites du mobile store de votre marque.</p>\r\n<p>Nous vous d&eacute;conseillons fortement les applications o&ugrave; se trouve la mention \"Flashcode\" , en effet le format utilis&eacute; par les Flashcode diff&egrave;re du QR Code. Le flashcode est un format payant, ferm&eacute; et uniquement d&eacute;ploy&eacute; en France.</p>\r\n<p>Le site du Val d'Yerres n'utilise que des formats ouverts et donc que du QR Code.</p>\r\n<ul>\r\n<li>Pour <strong>Android</strong> : nous vous conseillons l'application <a href=\"https://play.google.com/store/apps/details?id=com.google.zxing.client.android\">Barcode Scanner</a> , tous les codes g&eacute;n&eacute;r&eacute;s par le site ont &eacute;t&eacute; test&eacute;s avec cette application.</li>\r\n<li>Pour <strong>Iphone</strong> : nous vous conseillons <a href=\"http://itunes.apple.com/fr/app/i-nigma-qr-code-data-matrix/id388923203?mt=8\">i-nigma</a>.</li>\r\n<li>Pour <strong>Blackberry</strong> : nous vous conseillons <a href=\"http://appworld.blackberry.com/webstore/content/27049/?lang=fr\">i-nigma</a> en lieu et place des outils disponibles nativement sur ce type d'appareil.</li>\r\n</ul>"}}, {"pk": 2, "model": "aide.aide", "fields": {"nom": "Vcard ?", "slug": "vcard", "contenu": "<h2>Qu&rsquo;est-ce qu&rsquo;une Vcard ?</h2>\r\n<p><br />Vcard pour &laquo; Visit Card &raquo; est un format de fichier interop&eacute;rable qui permet d'inclure des contacts de mani&egrave;re automatique dans votre logiciel de messagerie.</p>\r\n<p><br />Comment inclure une Vcard dans vos contacts :</p>\r\n<ul>\r\n<li><strong>Outlook</strong> : voir la documentation de Microsoft &agrave; la rubrique \"Comment faire pour traiter automatiquement une vCard\" &agrave; cette adresse : <a href=\"http://support.microsoft.com/kb/290840/fr\">http://support.microsoft.com/kb/290840/fr</a>.</li>\r\n<li><strong>Gmail</strong> : la proc&eacute;dure se rouve &agrave; cette adresse : <a href=\"http://support.google.com/mail/bin/answer.py?hl=fr&amp;answer=183711\">http://support.google.com/mail/bin/answer.py?hl=fr&amp;answer=183711</a>.</li>\r\n<li><strong>Thunderbird :</strong>&nbsp; allez dans le menu &laquo;Outils&raquo; puis &laquo;Carnet d'adresses&raquo; une nouvelle fen&ecirc;tre s'ouvre. Dans la fen&ecirc;tre &laquo;Carnet d'adresses&raquo; allez dans le menu &laquo;Outils&raquo; puis &laquo;Import&raquo;. Dans la boite de dialogue qui vient de s'ouvrir il faut selectionner&nbsp;&laquo;Carnet d'adresses&raquo;, cliquez sur suivant et selectionnez le/les fichier(s) &agrave; importer.</li>\r\n</ul>"}}, {"pk": 3, "model": "aide.aide", "fields": {"nom": "Ical ?", "slug": "ical", "contenu": "<h2>Qu&rsquo;est-ce que Ical ?</h2>\r\n<p>Ical ou Icalendar est un format de fichier permettant de s'echanger des donn&eacute;es de calendrier.</p>\r\n<p>Sur le site du Val d'Yerres vous avez la possibilit&eacute; d'ajouter automatiquement &agrave; votre agenda tout les &eacute;v&egrave;nements organis&eacute;s par le Val d'Yerres, ou ses partenaires, en t&eacute;l&eacute;chargeant le fichier Ical correspondant ou en scannant le QR Code avec votre smartphone.</p>\r\n<h2>Comment importer des fichier Ical dans votre logiciel de Calendrier ?</h2>\r\n<p>Les fichiers Ical produits par le site du Val d'Yerres sont compatibles avec quasiment tous les logiciels de messagerie.</p>\r\n<ul>\r\n<li><strong>Gmail</strong> : voir la documentation fournie par Google : <a href=\"http://support.google.com/calendar/bin/answer.py?hl=fr&amp;answer=37118\">http://support.google.com/calendar/bin/answer.py?hl=fr&amp;answer=37118</a> .</li>\r\n<li><strong>Outlook</strong> : T&eacute;l&eacute;chargez le fichier propos&eacute; par la page de l'&eacute;v&egrave;nement, click droit sur le fichier puis &laquo;ouvrir avec&raquo; selectionnez Outlook.&nbsp; Note : Selon les versions d'Outlook Ical est plus ou moins bien support&eacute; , utilisez de pr&eacute;f&eacute;rence les versions d'Outlook 2007 et suivantes.</li>\r\n<li><strong>Thunderbird : </strong>T&eacute;l&eacute;chargez le fichier propos&eacute; par la page de l'&eacute;v&egrave;nement, click droit sur le fichier puis&nbsp;&laquo;ouvrir avec&raquo; s&eacute;lectionnez Thunderbird.</li>\r\n</ul>"}}, {"pk": 1, "model": "evenements.organisateur", "fields": {"meta_description": "0", "nom": "Service Culture et Service Biblioth\u00e8ques du Val d'Yerres", "fax": "", "description": "", "ville": 4, "url": "", "telephone": "01 80 37 20 62", "email": "", "logo": "", "rue": "78 route nationale 6 | BP 103", "slug": "le-val-d-yerres"}}, {"pk": 2, "model": "evenements.organisateur", "fields": {"meta_description": "La SOTHEVY g\u00e8re la programmation communautaire du Val d\u2019Yerres et \u00e9galement le CEC de Yerres.", "nom": "Th\u00e9\u00e2tres du Val d'Yerres (SOTHEVY)", "fax": "", "description": "<p>Filiale directe du Group Soum&egrave;re sp&eacute;cialis&eacute;e dans la gestion de salle de spectacles (qui g&egrave;re notamment l&rsquo;Op&eacute;ra de Massy et le Th&eacute;&acirc;tre de Longjumeau), elle g&egrave;re, dans le cadre d&rsquo;une D&eacute;l&eacute;gation de Service Public, <a href=\"/agenda/type/tous/periode/toutes/orga/sothevy/\">la programmation communautaire du Val d&rsquo;Yerres</a> et &eacute;galement <a href=\"/equipements/salle-de-spectacle/cec-salle-de-spectacle.html\">le CEC de Yerres</a>.</p>\r\n<p><br /> En &eacute;troite collaboration avec la Communaut&eacute; d&rsquo;agglom&eacute;ration du Val d&rsquo;Yerres et de l&rsquo;ensemble des communes du Val d&rsquo;Yerres, la Sothevy g&egrave;re ce service public &agrave; la disposition des Val d&rsquo;Yerrois depuis 2011.</p>", "ville": 1, "url": "", "telephone": "01 69 02 34 35", "email": "", "logo": "uploads/evenements/logo_groupsoumere2012-.jpg", "rue": "2 rue Marc Sangnier", "slug": "sothevy"}}, {"pk": 3, "model": "evenements.organisateur", "fields": {"meta_description": "0", "nom": "Office de tourisme Seine-Essonne", "fax": "", "description": "", "ville": 8, "url": "", "telephone": "01 64 96 23 97", "email": "", "logo": "", "rue": "11 Place du Comte Haymon", "slug": "tourisme-seine-essone"}}, {"pk": 4, "model": "evenements.organisateur", "fields": {"meta_description": "Val d'Yerres Emploi", "nom": "Val d'Yerres Emploi", "fax": "", "description": "<p>Val d&rsquo;Yerres Emploi est un service d&rsquo;accompagnement &agrave; l&rsquo;emploi ayant pour objectif d&rsquo;informer, orienter et conseiller les usagers dans leur recherche d&rsquo;emploi par un suivi personnalis&eacute;.</p>\r\n<h2>Ses missions&nbsp;:</h2>\r\n<ul>\r\n<li><a href=\"http://www.levaldyerres.fr/orientation-formation.html\">Faciliter l&rsquo;orientation professionnelle </a></li>\r\n<li>R&eacute;ussir un meilleur acc&egrave;s ou retour &agrave; l&rsquo;emploi du demandeur d&rsquo;emploi par une action de proximit&eacute;</li>\r\n<li><a href=\"http://www.levaldyerres.fr/reprise-creation-activite-entreprise\">D&eacute;velopper l&rsquo;emploi et la cr&eacute;ation d&rsquo;entreprise </a></li>\r\n<li><a href=\"http://www.levaldyerres.fr/cellule-entreprise-du-val-d-yerres-recrutement.html\">Appui technique dans la d&eacute;marche de recrutement via la cellule entreprise</a></li>\r\n<li><a href=\"http://www.levaldyerres.fr/ateliers-et-permanences-val-d-yerres-emploi\">Proposer des ateliers d&rsquo;insertion professionnelle et des permanences pour favoriser l&rsquo;insertion</a></li>\r\n</ul>\r\n<p><strong>Localisation&nbsp;:</strong></p>\r\n<p>Val d&rsquo;Yerres Emploi est un service de proximit&eacute; r&eacute;parti sur le territoire du Val d&rsquo;Yerres dont les antennes se trouvent :&nbsp;</p>\r\n<ul>\r\n<li>&agrave; <a href=\"http://www.levaldyerres.fr/maison_emploi_boussy_quincy\">Boussy-Saint Antoine</a></li>\r\n<li>&agrave; <a href=\"http://www.levaldyerres.fr/maison_emploi_brunoy\">Brunoy</a></li>\r\n<li>&agrave; <a href=\"http://www.levaldyerres.fr/maison_emploi_epinay\">Epinay sous S&eacute;nart</a></li>\r\n<li>&agrave; <a href=\"http://www.levaldyerres.fr/maison_emploi_yerres_crosne\">Yerres</a></li>\r\n</ul>\r\n<p>Chaque antenne abrite &eacute;galement la Mission locale plus particuli&egrave;rement charg&eacute;e de l&rsquo;insertion sociale et professionnelle des jeunes de 16 &agrave; 25 ans en recherche d&rsquo;emploi, de formation professionnelle, etc.</p>\r\n<p><strong>Infos pratiques :</strong></p>\r\n<ul>\r\n<li><a href=\"http://www.levaldyerres.fr/moibilite-emploi\">Mobilit&eacute;</a></li>\r\n</ul>", "ville": 4, "url": "", "telephone": "01 69 39 10 40", "email": "", "logo": "", "rue": "78 RN 6 BP 103", "slug": "val-dyerres-emploi"}}, {"pk": 1, "model": "evenements.saison", "fields": {"nom": "Saison Culturelle 2012-2013", "debut": "2012-08-31T23:00:00Z", "fin": "2013-06-30T21:00:00Z", "description": "<p style=\"text-align: left;\">Etonner, &eacute;mouvoir, amuser et enchanter, voici ce que propose la nouvelle saison culturelle du Val d&rsquo;Yerres.</p>\r\n<p>En parcourant cette nouvelle programmation, vous prendrez connaissance des grands rendez-vous qui rythmeront les prochains mois.</p>\r\n<p>La ligne artistique, riche et &eacute;clectique, destin&eacute;e &agrave; un large public, vous offre l&rsquo;occasion d&rsquo;alimenter votre curiosit&eacute;. Musique, danse, th&eacute;&acirc;tre, spectacle comique ou conte pour enfants, vous n&rsquo;avez que l&rsquo;embarras du choix pour rencontrer des artistes reconnus ou &agrave; d&eacute;couvrir.</p>\r\n<p>Nous vous invitons d&egrave;s &agrave; pr&eacute;sente &agrave; choisir parmi les instants magiques propos&eacute;s par le Group Soum&egrave;re. Autant de moments d&rsquo;enthousiasme qui vous habiteront longtemps apr&egrave;s la tomb&eacute;e du rideau&hellip;</p>", "slug": "saison-culturelle-2012-2013"}}, {"pk": 2, "model": "evenements.saison", "fields": {"nom": "2\u00e8me Festival de contes", "debut": "2012-09-11T23:00:00Z", "fin": "2012-10-06T21:00:00Z", "description": "<p>e,lgtmjthef</p>", "slug": "2eme-festival-de-contes"}}, {"pk": 3, "model": "evenements.saison", "fields": {"nom": "Divers 2012-2013", "debut": "2012-08-31T22:00:00Z", "fin": "2013-08-31T21:00:00Z", "description": "<p>Les &eacute;v&egrave;nements &nbsp;2012-2013 qui ne font pas partie de la saison culturelle du Val d'Yerres</p>", "slug": "divers-2012-2013"}}, {"pk": 1, "model": "evenements.saisonculturelle", "fields": {}}, {"pk": 3, "model": "evenements.saisonculturelle", "fields": {}}, {"pk": 2, "model": "evenements.festival", "fields": {"saison_culture": 1}}, {"pk": 1, "model": "evenements.typeevenement", "fields": {"nom": "Conte", "slug": "conte"}}, {"pk": 3, "model": "evenements.typeevenement", "fields": {"nom": "Th\u00e9\u00e2tre", "slug": "theatre"}}, {"pk": 4, "model": "evenements.typeevenement", "fields": {"nom": "Humour", "slug": "humour"}}, {"pk": 5, "model": "evenements.typeevenement", "fields": {"nom": "Chanson", "slug": "chanson"}}, {"pk": 6, "model": "evenements.typeevenement", "fields": {"nom": "Musique", "slug": "musique"}}, {"pk": 7, "model": "evenements.typeevenement", "fields": {"nom": "Loisirs", "slug": "loisirs"}}, {"pk": 8, "model": "evenements.typeevenement", "fields": {"nom": "Cin\u00e9ma", "slug": "cinema"}}, {"pk": 9, "model": "evenements.typeevenement", "fields": {"nom": "Recrutement", "slug": "recrutement"}}, {"pk": 1, "model": "evenements.evenement", "fields": {"meta_description": "Carte blanche aux professeurs du r\u00e9seau des conservatoires.", "nom": "Peau d'\u00e2ne", "description": "<p>Carte blanche aux professeurs du r&eacute;seau des conservatoires.</p>\r\n<p>Tout public &agrave; partir de 5 ans.</p>\r\n<p>Conte musical.</p>", "url": "", "type": 1, "image": "", "debut": "2012-09-12T17:30:00Z", "organisateur": [1], "publish": true, "lieu": 5, "cadre_evenement": 2, "fin": "2012-09-12T17:30:00Z", "slug": "peau-dane", "haut_page": false}}, {"pk": 2, "model": "evenements.evenement", "fields": {"meta_description": "Th\u00e9 \u00e0 la menthe ou t'es citron? Une com\u00e9die de Patrick Haudecoeur avec Nathalie Cerda. Moli\u00e8re 2011 de la meilleur pi\u00e8ce comique.", "nom": "Th\u00e9 \u00e0 la menthe ou t'es citron?", "description": "<p>Une com&eacute;die de Patrick Haudecoeur avec Nathalie Cerda, Jean-Luc Porraz, Isabelle Spade...</p>\r\n<p>Moli&egrave;re 2011 de la meilleur pi&egrave;ce comique.</p>\r\n<p>C'est l'histoire d'une troupe de com&eacute;diens qui r&eacute;p&egrave;te une pi&egrave;ce de boulevard. Le soir de la premi&egrave;re arrive, et l&agrave;... tout tourne au d&eacute;lire, en une succession d'impr&eacute;vus!</p>", "url": "http://spectacles.levaldyerres.fr/portfolio/the-a-la-menthe-ou-tes-citron/", "type": 3, "image": "uploads/evenements/thealamenthe_g.jpg", "debut": "2013-01-26T19:30:00Z", "organisateur": [2], "publish": true, "lieu": 6, "cadre_evenement": 1, "fin": "2013-01-26T21:10:00Z", "slug": "the-a-la-menthe-ou-tes-citron", "haut_page": true}}, {"pk": 3, "model": "evenements.evenement", "fields": {"meta_description": "Le songe d'une nuit d'\u00e9t\u00e9 - Une pi\u00e8ce de Shakespeare transpos\u00e9 dans les ann\u00e9es 1960", "nom": "Le songe d'une nuit d'\u00e9t\u00e9", "description": "<h3>Shakespeare transpos&eacute; dans les ann&eacute;es 1960</h3>\r\n<p><strong>Le classique en mode chapeau melon et&nbsp;bottes de cuir</strong><br /> Cette pi&egrave;ce dans laquelle Shakespeare&nbsp;c&eacute;l&egrave;bre l&rsquo;amour, le d&eacute;sir et le th&eacute;&acirc;tre est la&nbsp;plus divertissante, passionnelle et charnelle&nbsp;de l&rsquo;auteur. Lysandre veut &eacute;pouser Hermia.&nbsp;Hermia veut &eacute;pouser Lysandre&hellip; Donc tout&nbsp;va bien. Et bien non&hellip; car Eg&eacute;e, p&egrave;re&nbsp;d&rsquo;Hermia, la destine &agrave; D&eacute;m&eacute;trius, dont&nbsp;H&eacute;l&eacute;na est amoureuse. Pour &eacute;chapper &agrave;&nbsp;Eg&eacute;e, Lysandre et Hermia s&rsquo;enfuient alors&nbsp;dans la for&ecirc;t&hellip;</p>", "url": "", "type": 3, "image": "", "debut": "2013-04-12T18:30:00Z", "organisateur": [2], "publish": true, "lieu": 8, "cadre_evenement": 1, "fin": "2013-04-12T20:30:00Z", "slug": "le-songe-dune-nuit-dete", "haut_page": false}}, {"pk": 4, "model": "evenements.evenement", "fields": {"meta_description": "Le Quatuor - Spectacle d'humour : \"Des clowns virtuoses de l\u2019archet\", \"le talent et l\u2019humour de musiciens inventifs\".", "nom": "Le Quatuor", "description": "<h3>Le talent et l&rsquo;humour de musiciens inventifs</h3>\r\n<p><strong>Des clowns virtuoses de l&rsquo;archet</strong><br /> Voil&agrave; plus de trente ans que &ldquo;Le Quatuor&rdquo; a&nbsp;pris son envol vers un univers d&eacute;lirant o&ugrave; ils&nbsp;se sont impos&eacute;s comme les rois de l&rsquo;humour&nbsp;musical et visuel. Ils sont de retour&nbsp;avec un nouveau spectacle renouvelant&nbsp;totalement le r&eacute;pertoire de ces virtuoses,&nbsp;repoussant les&nbsp;limites de l&rsquo;inventivit&eacute; en&nbsp;menant chacun aux confins de ses inspirations&nbsp;les plus d&eacute;brid&eacute;es et les plus folles.&nbsp;Dans ce nouvel opus, tout en restant fid&egrave;les&nbsp;&agrave; l&rsquo;esth&eacute;tique et &agrave; la diversit&eacute; des &eacute;motions&nbsp;suscit&eacute;es jusqu&rsquo;&agrave; ce jour, et qui font &agrave; la fois&nbsp;leur raret&eacute; et leur marque de fabrique, ils&nbsp;n&rsquo;ont de cesse que poursuivre plus loin leur&nbsp;imaginaire et l&rsquo;exploration de nouvelles&nbsp;formes.</p>", "url": "http://spectacles.levaldyerres.fr/", "type": 4, "image": "uploads/evenements/lequatuor.jpg", "debut": "2013-04-13T18:30:00Z", "organisateur": [2], "publish": true, "lieu": 6, "cadre_evenement": 1, "fin": "2013-04-13T20:00:00Z", "slug": "le-quatuor", "haut_page": false}}, {"pk": 5, "model": "evenements.evenement", "fields": {"meta_description": "Noa, la plus grande chanteuse isra\u00e9lienne!", "nom": "Noa", "description": "<p><strong>Un concert unique</strong><br /> Voix d&rsquo;exception, star internationale,&nbsp;femme de paix, Noa parcours le monde&nbsp;avec son message d&rsquo;espoir. Elle atteint la&nbsp;cons&eacute;cration avec &ldquo;I Don&rsquo;t Know&rdquo; en 1994.&nbsp;Gorg&eacute;e d&rsquo;influences musicales, elle est de&nbsp;retour en France en 2013 pour quelques&nbsp;dates exceptionnelles.</p>", "url": "http://spectacles.levaldyerres.fr/", "type": 5, "image": "uploads/evenements/noa.jpg", "debut": "2013-04-05T18:30:00Z", "organisateur": [2], "publish": true, "lieu": 6, "cadre_evenement": 1, "fin": "2013-04-05T20:00:00Z", "slug": "noa", "haut_page": false}}, {"pk": 6, "model": "evenements.evenement", "fields": {"meta_description": "Lady Oscar : l\u2019histoire connue revisit\u00e9e avec brio. Une com\u00e9die de Claude Magnier avec Amanda Lear", "nom": "Lady Oscar", "description": "<h3>Lady Oscar : l&rsquo;histoire connue revisit&eacute;e avec brio</h3>\r\n<p><strong>Une com&eacute;die haute en couleurs</strong><br /> Clara Barnier, ic&ocirc;ne de la mode et de la&nbsp;haute couture, ancien top mod&egrave;le et cr&eacute;atrice&nbsp;du magazine &ldquo;Lady Mode&rdquo; est c&eacute;l&egrave;bre&nbsp;pour avoir le verbe aussi haut que ses talons&nbsp;!<br /> Alors quand un samedi matin, en plein jet&nbsp;lag, son comptable vient la r&eacute;veiller pour lui&nbsp;demander d&rsquo;&eacute;pouser sa fille, le week-end&nbsp;commence mal, tr&egrave;s mal&hellip;<br /> Les &eacute;v&eacute;nements vont s&rsquo;encha&icirc;ner &agrave; toute&nbsp;allure dans ce classique de la com&eacute;die&nbsp;revisit&eacute; sur mesure pour Amanda Lear !</p>", "url": "", "type": 3, "image": "uploads/evenements/ladyoscar.jpg", "debut": "2013-03-22T19:30:00Z", "organisateur": [2], "publish": true, "lieu": 6, "cadre_evenement": 1, "fin": "2013-03-22T21:10:00Z", "slug": "lady-oscar", "haut_page": false}}, {"pk": 7, "model": "evenements.evenement", "fields": {"meta_description": "Ropartz et Caillebotte sous la direction musicale de Michel Piquemal, accompagn\u00e9 par l\u2019Orchestre Pasdeloup", "nom": "Ropartz et Caillebotte", "description": "<p><strong>Grandes Messes</strong><br /> Martial Caillebotte a compos&eacute; sa Messe solennelle&nbsp;de P&acirc;ques en 1896, presque deux&nbsp;ans apr&egrave;s la mort de son fr&egrave;re Gustave et&nbsp;l&rsquo;ann&eacute;e m&ecirc;me de celle de son a&icirc;n&eacute; Alfred.&nbsp;On peut alors penser que cette messe de&nbsp;la R&eacute;surrection est le fruit d&rsquo;un travail de&nbsp;deuil et porte ce titre en hommage &agrave; cette&nbsp;fratrie si soud&eacute;e mais aussi en signe de&nbsp;confiance en la vie, renouvel&eacute;e gr&acirc;ce &agrave; ses&nbsp;propres enfants. Elle porte la marque de ce&nbsp;que l&rsquo;on a appel&eacute; plus tard le post-romantisme,&nbsp;fait &agrave; la fois de sentimentalisme&nbsp;harmonique et d&rsquo;audaces fugitives dans la&nbsp;composition. Le Requiem de Ropartz est lui&nbsp;rapproch&eacute; souvent au Requiem de Faur&eacute;,&nbsp;une grande messe pour les morts.</p>", "url": "http://spectacles.levaldyerres.fr/", "type": 6, "image": "uploads/evenements/ropartz.jpg", "debut": "2013-02-23T19:30:00Z", "organisateur": [2], "publish": true, "lieu": 6, "cadre_evenement": 1, "fin": "2013-02-23T21:00:00Z", "slug": "ropartz-et-caillebotte", "haut_page": false}}, {"pk": 8, "model": "evenements.evenement", "fields": {"meta_description": "F\u00eate de la For\u00eat de S\u00e9nart \u00e0 la Faisanderie de S\u00e9nart Etiolles", "nom": "F\u00eate de la For\u00eat de S\u00e9nart ", "description": "<div class=\"content\">\r\n<p>Ne manquez pas la 4&egrave;me &eacute;dition de la F&ecirc;te de la For&ecirc;t de S&eacute;nart ! <br /><br />Comme chaque ann&eacute;e, cette manifestation gratuite replonge le public dans une fraction de l&rsquo;Histoire. Cette ann&eacute;e, le th&egrave;me des \"Jeux Antiques\" sera mis en sc&egrave;ne.</p>\r\n</div>", "url": "http://www.office-tourisme-essonne.com/evenement-fete-de-la-foret-de-senart--faisanderie-de-senart-a-etiolles--1036.php", "type": 7, "image": "", "debut": "2012-09-23T08:00:00Z", "organisateur": [3], "publish": true, "lieu": 11, "cadre_evenement": 3, "fin": "2012-09-23T16:00:00Z", "slug": "fete-de-la-foret-de-senart", "haut_page": false}}, {"pk": 9, "model": "evenements.evenement", "fields": {"meta_description": "Soir\u00e9e de pr\u00e9sentation de la nouvelle saison culturelle du Val d'Yerres avec Didier Gustin ", "nom": "Soir\u00e9e de pr\u00e9sentation de la nouvelle saison culturelle du Val d'Yerres ", "description": "<p>C'est vendredi 14 septembre que le rideau s'ouvre sur la nouvelle saison culturelle du Val d'Yerres !</p>\r\n<p>Une grande soir&eacute;e de pr&eacute;sentation des spectacles de l'ann&eacute;e vous est propos&eacute;e &agrave; partir de 20h30 au nouveau CEC de Yerres. En prime, &agrave; l'issue de la pr&eacute;sentation, le tout dernier spectacle de l'humoriste et imitateur Didier Gustin...</p>", "url": "", "type": 4, "image": "uploads/evenements/didier_gustin_-_portrait_noir_&_blanc_300_dpi_-_de_5_mo.jpg", "debut": "2012-09-14T18:30:00Z", "organisateur": [2], "publish": true, "lieu": 6, "cadre_evenement": 1, "fin": "2012-09-14T21:00:00Z", "slug": "soiree-de-presentation-de-la-nouvelle-saison-culturelle-du-val-dyerres", "haut_page": false}}, {"pk": 10, "model": "evenements.evenement", "fields": {"meta_description": "Session de recrutement collectif ", "nom": "Session de recrutement collectif ", "description": "<p>Session de recrutement collectif : Presentation de l'entreprise et des postes propos&eacute;s .</p>", "url": "", "type": 9, "image": "", "debut": "2012-09-17T07:00:00Z", "organisateur": [4], "publish": true, "lieu": 12, "cadre_evenement": 3, "fin": "2012-09-17T10:00:00Z", "slug": "session-de-recrutement-collectif", "haut_page": false}}, {"pk": 1, "model": "evenements.prix", "fields": {"gratuit": false, "prix": 7.5, "nom": "Ext\u00e9rieur - plein tarif"}}, {"pk": 2, "model": "evenements.prix", "fields": {"gratuit": false, "prix": 5.0, "nom": "Ext\u00e9rieur - tarif r\u00e9duit"}}, {"pk": 3, "model": "evenements.prix", "fields": {"gratuit": false, "prix": 5.0, "nom": "Val d'Yerrois - plein tarif"}}, {"pk": 4, "model": "evenements.prix", "fields": {"gratuit": false, "prix": 3.0, "nom": "Val d'Yerrois - tarif r\u00e9duit "}}, {"pk": 1, "model": "evenements.tarification", "fields": {"prix": [1, 2, 3, 4], "evenement": 1}}, {"pk": 1, "model": "equipements.equipementfonction", "fields": {"nom": "Salle de Spectacle", "pluriel": "Salles de Spectacle", "slug": "salle-de-spectacle", "picto": "uploads/picto/equipements/spectacle.png"}}, {"pk": 2, "model": "equipements.equipementfonction", "fields": {"nom": "Antenne Val d'Yerres Emploi", "pluriel": "Antennes Val d'Yerres Emploi", "slug": "antenne-val-dyerres-emploi", "picto": "uploads/picto/equipements/spectacle.png"}}, {"pk": 5, "model": "equipements.equipement", "fields": {"meta_description": "", "fax": "", "image": "uploads/equipements/salle_spectacle.jpg", "telephone": "01 69 00 13 15", "presentation": "<p>Am&eacute;nag&eacute;e tout r&eacute;cemment (2011) dans le corps d&rsquo;une ancienne ferme seigneuriale construite au XVe si&egrave;cle autour d&rsquo;une magnifique cour pav&eacute;e, la salle G&eacute;rard Philipe est modulable et peut comporter jusqu&rsquo;&agrave; 140 places assises. Les mat&eacute;riaux utilis&eacute;s offrent une excellente acoustique. La salle est un &eacute;crin id&eacute;al pour la tenue de spectacles intimistes, po&eacute;tiques et oniriques, et restitue &agrave; la perfection le talent des interpr&egrave;tes. A noter qu&rsquo;un espace de restauration a &eacute;t&eacute; cr&eacute;&eacute; au rez-de-chauss&eacute;e pour palier les petites faims d&rsquo;avant ou d&rsquo;apr&egrave;s spectacle&hellip;</p>", "email": "", "fonction": 1}}, {"pk": 6, "model": "equipements.equipement", "fields": {"meta_description": "", "fax": "", "image": "uploads/equipements/spectacle.jpg", "telephone": "01 69 02 34 35", "presentation": "<p>Inaugur&eacute; en mai 2012, le Nouveau CEC de Yerres est le dernier n&eacute; des salles de spectacles du Val d&rsquo;Yerres, en attendant la future Maison des Arts Urbains d&rsquo;Epinay-sous-S&eacute;nart pr&eacute;vue pour 2014.<br />Ce fabuleux vaisseau propose une salle de spectacles de grande capacit&eacute; (1.000 places assises) permettant d&rsquo;accueillir des t&ecirc;tes d&rsquo;affiche renomm&eacute;es, des concerts, des spectacles de danse, des pi&egrave;ces de th&eacute;&acirc;tre&hellip; Esth&eacute;tiquement, ce nouvel espace (qui comprend aussi une m&eacute;diath&egrave;que, un cin&eacute;ma, une brasserie, des salles de conf&eacute;rences&hellip;) est particuli&egrave;rement r&eacute;ussi. Espaces paysag&eacute;s, murs v&eacute;g&eacute;talis&eacute;s, apport de lumi&egrave;re naturelle, am&eacute;liorent encore la convivialit&eacute; de l&rsquo;endroit&hellip;</p>", "email": "", "fonction": 1}}, {"pk": 8, "model": "equipements.equipement", "fields": {"meta_description": "", "fax": "", "image": "uploads/equipements/theatre.jpg", "telephone": "01 69 12 24 50", "presentation": "<p>Le Th&eacute;&acirc;tre de la Vall&eacute;e de l&rsquo;Yerres, commun&eacute;ment appel&eacute; Th&eacute;&acirc;tre de Brunoy, est situ&eacute; au c&oelig;ur du centre-ville, &agrave; deux pas de la mairie et de la biblioth&egrave;que. En fonction depuis 2007, il est &eacute;tudi&eacute; pour accueillir dans les meilleures conditions pi&egrave;ces de th&eacute;&acirc;tre et concerts. Ses 500 places assises sont tr&egrave;s confortables et la sc&egrave;ne, haute et profonde, permet l&rsquo;installation de d&eacute;cors imposants mais aussi d&rsquo;am&eacute;nagements sp&eacute;cifiques pour la tenue de spectacles de cirques par exemple. Un parking souterrain de 150 places permet un stationnement ais&eacute; les soirs de spectacles.</p>", "email": "", "fonction": 1}}, {"pk": 9, "model": "equipements.equipement", "fields": {"meta_description": "", "fax": "", "image": "uploads/equipements/salle_rene_fallet.jpg", "telephone": "01 01 01 01  01", "presentation": "<p>Dans le r&eacute;seau des salles de spectacles du Val d&rsquo;Yerres, l&rsquo;Espace Ren&eacute; Fallet de Crosne est un &eacute;quipement pour ainsi dire magique... Par sa structure ext&eacute;rieure originale tout d&rsquo;abord, par sa polyvalence ensuite. Ses tribunes t&eacute;lescopiques permettent d&rsquo;accueillir dans de tr&egrave;s bonnes conditions jusqu&rsquo;&agrave; 400 spectateurs assis.</p>\r\n<p>L&rsquo;espace sc&eacute;nique, modulable lui aussi, est adapt&eacute; &agrave; la tenue de spectacles de tous types. Ce qui permet &agrave; l&rsquo;Espace Ren&eacute; Fallet de d&eacute;velopper une ligne artistique riche et &eacute;clectique, destin&eacute;e &agrave; un large public : des concerts de vari&eacute;t&eacute; aux sessions de jazz, en passant par des spectacles comiques, des contes pour enfant et m&ecirc;me, des s&eacute;ances de cin&eacute;ma&hellip;</p>", "email": "", "fonction": 1}}, {"pk": 12, "model": "equipements.equipement", "fields": {"meta_description": "", "fax": "", "image": "", "telephone": "01 69 39 10 40", "presentation": "<p class=\"subtitle\" style=\"text-align: left;\">Antenne Val d&rsquo;Yerres Emploi de Brunoy</p>\r\n<p style=\"text-align: left;\">15/17 avenue de la R&eacute;publique</p>\r\n<p style=\"text-align: left;\">91800 Brunoy</p>\r\n<p>&nbsp;</p>", "email": "", "fonction": 2}}, {"pk": 2, "model": "equipements.facilite", "fields": {"importance": 100, "nom": "Accessibilit\u00e9 handicap\u00e9", "description": "Le b\u00e2timent \u00e0 \u00e9t\u00e9 con\u00e7u pour faciliter l'acc\u00e8s aux handicap\u00e9s", "picto": "uploads/picto/wheelchair_symbol.png", "slug": "accessibilite-handicape"}}, {"pk": 3, "model": "equipements.facilite", "fields": {"importance": 98, "nom": "Toilettes handicap\u00e9", "description": "Les toilettes sont pr\u00e9vu pour recevoir des handicap\u00e9s.", "picto": "uploads/picto/toilettes-handicape.png", "slug": "toilette-handicape"}}, {"pk": 1, "model": "equipements.facilites", "fields": {"facilites": [2, 3], "equipement": 6}}]